/avocado-accelerate/,/services/transformation-delivery/
/avocado-workplace/,/about-us/
/bid-support/,/services/bposourcing/
/checklist-for-changing-organisational-structure/,/insights/
/free-data-health-check/,/services/ccai/
/our-technology/,/services/techsourcing/
/team/,/about-us/
/whats-the-main-reason-that-companies-fail-to-tackle-real-transformation/,/insights/
/blogs/page/3/,/insights/
/case-studies/fintech-company/,/stories/
/category/avocado55/,/insights/
/managed-services/,/services/managed-service/
/operating-model/,/services/bposourcing/
/process-contact-automation/,/services/strategyoperatingmodel/
/profitability-audit/,/services/ascent/
/team/bhasker-bodia/,/about-us/
/team/jane-reynard/,/about-us/our-team/jane-reynard/
/thought-leadership/fear-of-the-known-not-the-unknown/,/insights/why-your-legacy-processes-are-scarier-than-ai/
/want-to-work-with-us/customer-success-manager/,/
/team/matt-baron/,/about-us/our-team/matt-baron/
/want-to-work-with-us/,/partnerships/
/contact/,/contact-us/
/avocado-optimize,/services/
/experts/,/about-us/
/blogs/,/insights/
/home/,/
/thought-leadership/ai-continuous-improvement-2,/insights/dont-just-dip-your-toe-why-ai-strategy-requires-a-deep-dive/
/what-you-need-to-know-about-avocado-automation/,/insights/good-data-automated-success-bad-data-automated-failure/
/what-the-first-12-months-of-aics-deployment-looks-like/,/insights/
/thought-leadership/,/insights/
/unique-in-our-marketplace/,/about-us/
/modern-slavery/,/modern-slavery-statement/
